Date,open_MSFT,high_MSFT,low_MSFT,close_MSFT,volume_MSFT,dividends_MSFT,stock_splits_MSFT,open_GOOG,high_GOOG,low_GOOG,close_GOOG,volume_GOOG,dividends_GOOG,stock_splits_GOOG,open_NVDA,high_NVDA,low_NVDA,close_NVDA,volume_NVDA,dividends_NVDA,stock_splits_NVDA
2023-10-30,330.9260284377432,336.921037638267,329.3577828102495,334.7969665527344,22828100,0.0,0.0,124.15509205794093,126.23997585087456,123.5765111383035,125.44193267822266,24165600,0.0,0.0,41.07457301285044,41.75336465654252,40.468753520634806,41.1485481262207,388028000,0.0,0.0
2023-10-31,336.32554146280455,336.474417890553,332.1965302220057,335.5910339355469,20265300,0.0,0.0,125.96065928458697,126.24994975329757,123.62141047939124,124.9930419921875,21123400,0.0,0.0,40.43776764653313,40.866638760177544,39.21813538545095,40.76766586303711,517969000,0.0,0.0
2023-11-01,337.25854792853954,344.8317087124147,337.1195763995562,343.49176025390625,28158800,0.0,0.0,125.03293654519528,127.42705851153583,124.61895991580519,127.25747680664062,26536600,0.0,0.0,40.8716362942493,42.36818527616646,40.85664144014309,42.31220245361328,437593000,0.0,0.0
2023-11-02,344.65303519421735,346.2311859810314,342.20143560433667,345.7250061035156,24348100,0.0,0.0,129.2426096442236,129.77131006592282,127.7961648070953,128.2650146484375,24091700,0.0,0.0,43.314892255422954,43.870723819561775,42.88102543334111,43.49283981323242,409172000,0.0,0.0
2023-11-03,347.02520380842185,351.74975071794626,344.74232101279864,350.17156982421875,23624000,0.0,0.0,128.77375037779495,130.4097320805873,128.69394453602362,130.0506134033203,19517900,0.0,0.0,44.006687511159235,45.29529533039452,43.70977644797779,44.991390228271484,424610000,0.0,0.0
2023-11-06,350.8167694917966,354.87629489266607,350.717508445105,353.8738098144531,23828300,0.0,0.0,129.90099293571308,131.23770659867176,129.61169484331526,131.1279754638672,15360400,0.0,0.0,45.27130486690653,45.92110982089065,44.88542001366202,45.73716354370117,400733000,0.0,0.0
2023-11-07,356.7224079701727,359.7596080704009,354.965605650305,357.843994140625,25833900,0.0,0.0,131.65666856811717,132.9534868471248,130.8187300695859,132.0756378173828,19223800,0.0,0.0,45.7051761950675,46.204022031449846,45.144345019568135,45.941104888916016,343165000,0.0,0.0
2023-11-08,358.9854453710504,361.15913210438504,357.8638591225914,360.494140625,26767800,0.0,0.0,132.03574363325012,133.21284555006878,131.83623663971906,132.93353271484375,15093600,0.0,0.0,46.086054173223694,46.8528242765829,45.95409413101576,46.559913635253906,346719000,0.0,0.0
2023-11-09,359.600798335479,362.07226805792885,357.67524920435096,358.0028076171875,24847300,0.0,0.0,133.0332928411375,133.63182903872408,131.1878189164187,131.3673858642578,17976500,0.0,0.0,47.452644403589034,48.215414150398175,46.73586217966192,46.9358024597168,540496000,0.0,0.0
2023-11-10,358.79681326613644,367.3426826939886,358.37995931758695,366.9158935546875,28042100,0.0,0.0,131.2077817539519,133.94107488926886,130.5493949428932,133.73158264160156,20872900,0.0,0.0,47.48563085946903,48.45733694351092,47.268697449511876,48.320377349853516,421245000,0.0,0.0
2023-11-13,365.4767164421842,365.72485391110945,363.1739934609058,363.94818115234375,19986500,0.0,0.0,133.03329397597577,133.7814566186373,132.4447430168866,133.31260681152344,16409900,0.0,0.0,48.30538477496201,49.1011454498253,48.08445094767964,48.60529327392578,384136000,0.0,0.0
2023-11-14,368.245921043617,369.17892030430426,364.61318504162097,367.51141357421875,27683900,0.0,0.0,135.3176830942919,136.903799533928,134.769042642959,135.0982208251953,22317300,0.0,0.0,49.66497458261025,49.81892733410652,49.025168760860595,49.6409797668457,416954000,0.0,0.0
2023-11-15,369.2618480370104,371.10179814180987,365.11450137215627,367.6606140136719,26860100,0.75,0.0,136.30525600462798,136.5047629963732,134.99846770407794,136.0458984375,15840900,0.0,0.0,49.919895053640154,49.9448852025227,48.1854193150838,48.87321090698242,475497000,0.0,0.0
2023-11-16,368.943632873062,374.30435001625926,368.16787378879644,374.1253356933594,27182300,0.0,0.0,136.62448657017444,138.53978119041975,135.74663749453381,138.36021423339844,17615100,0.0,0.0,48.66428180938838,49.51002667597587,48.31538831261077,49.46503829956055,339756000,0.0,0.0
2023-11-17,371.5792022635868,372.3350809432151,365.005145947623,367.83966064453125,40157000,0.0,0.0,137.48237172546337,137.66192344977435,135.14809275956696,136.60452270507812,25565300,0.0,0.0,49.50902208125401,49.70196451079499,48.992180131796964,49.2830924987793,325205000,0.0,0.0
2023-11-20,369.2022053086174,376.810617053383,368.98339992208895,375.3883972167969,52465100,0.0,0.0,135.16805312696204,138.08589052841242,135.1580831045932,137.58212280273438,19569400,0.0,0.0,49.29708474224404,50.53271094703991,49.16612384752197,50.39375305175781,414120000,0.0,0.0
2023-11-21,373.62804899357167,374.17504731314,369.1027624295918,371.04217529296875,28423100,0.0,0.0,137.60208390296387,138.62456682052058,137.36765898538727,138.28041076660156,17648100,0.0,0.0,50.110838201525695,50.501718779261395,49.207112299062715,49.92889404296875,565747000,0.0,0.0
2023-11-22,375.94535168873216,377.7256305034054,372.9318227027555,375.7961730957031,23345300,0.0,0.0,138.75924231437907,140.75434276334838,138.65948120336722,139.67698669433594,17306400,0.0,0.0,49.8369213838304,50.31977317536251,47.67557280774086,48.701263427734375,899420000,0.0,0.0
2023-11-24,375.2789554627134,375.91549121999134,373.1008874444975,375.37841796875,10176600,0.0,0.0,139.1981518155869,139.33482484228628,137.133230763241,137.8813934326172,8828600,0.0,0.0,48.45534124386597,48.906205050381146,47.730558235354884,47.76155090332031,294645000,0.0,0.0
2023-11-27,374.731962508856,378.5709967639776,374.15512852839515,376.552001953125,22179200,0.0,0.0,137.23298742011158,139.2879383832071,137.20304691061256,137.71180725097656,17886400,0.0,0.0,47.78554170721009,48.515320454669414,47.63758766093633,48.22740936279297,395662000,0.0,0.0
2023-11-28,376.29342058531836,380.9181386526685,376.1044509343525,380.6197814941406,20453100,0.0,0.0,137.29284576092854,138.32032130058545,136.7042795452325,138.28041076660156,17046900,0.0,0.0,48.22140919574145,48.30838467918033,47.45863950680778,47.80653381347656,401491000,0.0,0.0
2023-11-29,381.6740559679596,382.2110989077795,375.38840147609375,376.7907409667969,28963400,0.0,0.0,138.64451564838487,139.32783510238704,135.96110316542686,136.0658416748047,21014700,0.0,0.0,48.364368627988405,48.74725220395994,47.84552460092039,48.12543869018555,382005000,0.0,0.0
2023-11-30,376.43267242664,378.0239815470539,373.4290988462353,376.85040283203125,30554400,0.0,0.0,136.06583914205686,136.62448003162555,132.46468236543998,133.5919189453125,29913500,0.0,0.0,48.00947410987991,48.09545044959,46.40796123489167,46.755855560302734,526247000,0.0,0.0
2023-12-01,374.7121046862492,376.10448881912436,369.29171639734125,372.4743347167969,33020400,0.0,0.0,132.993408203125,133.17295994396412,131.82825500661664,132.993408203125,24258400,0.0,0.0,46.510929219997536,47.18572429165406,46.17303020320648,46.7508544921875,369317000,0.0,0.0
2023-12-04,367.0937233301231,367.51142337800945,360.92741195614553,367.1335144042969,32063300,0.0,0.0,130.9723570674429,131.12796551604953,129.0829846433262,130.3099822998047,24117100,0.0,0.0,46.063060898138836,46.063060898138836,44.996382334242625,45.49623107910156,437543000,0.0,0.0
2023-12-05,364.4581343822117,371.05207082009633,363.6326289381052,370.4951171875,23065000,0.0,0.0,130.05061810935365,133.2128504996079,129.41218657348858,132.065673828125,19235100,0.0,0.0,45.45624119100988,46.58999667056528,45.26128334916216,46.556007385253906,371718000,0.004,0.0
2023-12-06,371.50963606154306,372.14614156591165,366.02957589155807,366.7953796386719,21182100,0.0,0.0,132.57440156667582,132.9834007588551,130.9883005684076,131.10800170898438,16360600,0.0,0.0,47.20487106457995,47.37683505004304,45.402256460725575,45.49323654174805,380590000,0.0,0.0
2023-12-07,366.2284688548053,369.4309675148412,364.32884716235355,368.9336853027344,23118900,0.0,0.0,136.26536581521225,139.65703046655085,135.8962618841358,138.11082458496094,38419400,0.0,0.0,45.69019470029219,46.61899621473128,45.59421462821799,46.586002349853516,350823000,0.0,0.0
2023-12-08,367.19320389043816,372.42459221283207,366.228475168252,372.19586181640625,20144800,0.0,0.0,135.32765718884065,137.6519508681162,135.23788132835455,136.3052520751953,22990900,0.0,0.0,46.58500381330471,47.7307578364067,46.54001148527223,47.49580764770508,359224000,0.0,0.0
2023-12-11,366.47712011214793,369.58015634537594,364.11005186068087,369.2817687988281,27708800,0.0,0.0,133.4921765408636,134.45978624182763,132.56444692951126,134.37001037597656,24502900,0.0,0.0,47.48081365249079,47.52080217338948,45.82017066172023,46.61699676513672,509728000,0.0,0.0
2023-12-12,368.83422055613806,372.3848228134841,368.4463258642292,372.34503173828125,24838300,0.0,0.0,132.9435181119943,134.2103958941541,132.50459359287427,133.31260681152344,26584000,0.0,0.0,46.03612363768186,47.655775047099645,46.03612363768186,47.64677810668945,372387000,0.0,0.0
2023-12-13,373.9760776046103,375.58729735411816,368.7546147441536,372.3350524902344,30955500,0.0,0.0,134.2153882406736,134.4498131437497,132.62429447283088,133.6417999267578,25414500,0.0,0.0,47.618785132068574,48.58357829081659,47.59778972813012,48.07768630981445,447792000,0.0,0.0
2023-12-14,371.280838712993,371.72840483967144,362.1507446830086,363.9409484863281,43277500,0.0,0.0,134.4398489133133,134.7041991157102,130.73893085834814,132.87368774414062,29619100,0.0,0.0,48.37961482883413,48.659553520005595,47.41182405801373,48.339622497558594,391232000,0.0,0.0
2023-12-15,364.85595950446617,370.37577983362354,364.28905050694055,368.7148742675781,78478200,0.0,0.0,132.5943711185849,134.49969565891246,132.3050882572165,133.51211547851562,58569400,0.0,0.0,48.183659168482485,49.393398621216434,48.109673734824895,48.87950897216797,479948000,0.0,0.0
2023-12-18,367.44180201938957,370.97249323253345,366.6759680640395,370.6243896484375,21802900,0.0,0.0,133.53206840997575,138.04099950941998,133.44229254643875,136.85391235351562,25699800,0.0,0.0,49.38940080042609,50.42217626135584,49.13945444782045,50.066253662109375,412587000,0.0,0.0
2023-12-19,369.4707112441685,371.2311096191406,367.82968609003717,371.2311096191406,20603700,0.0,0.0,137.66192712420346,138.4300450375429,137.11327147181814,137.76168823242188,20661000,0.0,0.0,49.41339540176651,49.68933715972022,48.8845095749411,49.59335708618164,464444000,0.0,0.0
2023-12-20,372.96166586355804,373.98606602506203,368.51596159239654,368.60546875,26316700,0.0,0.0,139.9862126004143,142.727481473784,139.0684683006243,139.31785583496094,33507300,0.0,0.0,49.64434099503445,49.98826892965491,48.08767597763755,48.10067367553711,397894000,0.0,0.0
2023-12-21,370.5348985122851,372.37484866341606,368.02860723154686,371.50958251953125,17708000,0.0,0.0,140.42514597126916,141.682053744057,140.1288764842629,141.45262145996094,18101500,0.0,0.0,48.80052973284041,49.084469204900586,48.40861172066595,48.9794921875,300425000,0.0,0.0
2023-12-22,371.648843361054,373.1406900640303,370.6841146123947,372.5439453125,17091100,0.0,0.0,141.78181038159113,142.899061699948,141.70698194179494,142.370361328125,18494700,0.0,0.0,49.18444623569452,49.37240563077044,48.45660176770998,48.81952667236328,252507000,0.0,0.0
2023-12-26,372.96165289509315,374.8911102742062,371.46980628351275,372.6235046386719,12673100,0.0,0.0,142.62971975073597,143.59236723782163,142.15089992875957,142.47012329101562,11170100,0.0,0.0,48.95749089871057,49.589355252957965,48.949493195068754,49.26842498779297,244200000,0.0,0.0
2023-12-27,371.65877331795474,373.02132169061383,370.78355178908555,372.0367126464844,14905400,0.0,0.0,142.48010005933716,142.9689051479083,140.70545127313167,141.093505859375,17288400,0.0,0.0,49.50037655579239,49.669339007030956,49.07446547323144,49.406394958496094,233648000,0.0,0.0
2023-12-28,373.3296194550034,374.4136909666463,372.12620507627264,373.2401123046875,14327000,0.0,0.0,141.50250987787996,141.92147915875898,140.48301035036985,140.93389892578125,12192500,0.0,0.0,49.63235166596565,49.87329727937507,49.40139841527518,49.511375427246094,246587000,0.0,0.0
2023-12-29,373.956180608808,375.10987885076185,371.4498894738907,373.9959716796875,18723000,0.0,0.0,140.33535975569927,141.0885150539867,139.5572717900999,140.58474731445312,14872700,0.0,0.0,49.80231336528149,49.98627581404057,48.74054092105674,49.511375427246094,389293000,0.0,0.0
2024-01-02,371.8278333128194,373.85675319437513,364.77637533441424,368.8540954589844,25258600,0.0,0.0,139.25801966446886,140.27053254973532,137.40257560825444,139.21810913085938,20071900,0.0,0.0,49.2334346200538,49.284422366484065,47.58479013743403,48.15766525268555,411254000,0.0,0.0
2024-01-03,367.00421754136386,371.2311162250648,366.5069353432814,368.5855712890625,23083500,0.0,0.0,138.26046096267322,140.74435116784477,138.090864037325,140.01614379882812,18974300,0.0,0.0,47.47481431443769,48.173661865797236,47.30984879425898,47.55879592895508,320896000,0.0,0.0
2024-01-04,368.65517399212956,371.071958032483,365.17419883301005,365.94000244140625,20901500,0.0,0.0,139.50740671768455,140.29047208537293,137.67190271353567,137.7018280029297,18253300,0.0,0.0,47.75675197462581,48.489596450212794,47.49780866063492,47.98770523071289,306535000,0.0,0.0
2024-01-05,366.9644073117081,370.0376074932349,364.5078321673447,365.75103759765625,20987000,0.0,0.0,138.01306991194483,138.4699404743355,136.51475061129764,137.0534210205078,15433200,0.0,0.0,48.45160187703982,49.536368121203495,48.29563331032976,49.086463928222656,415039000,0.0,0.0
2024-01-08,367.292633952991,373.1605884048141,367.0042321198686,372.6533508300781,23134000,0.0,0.0,137.66192916351693,140.29546111257136,137.542228009008,140.18572998046875,17645300,0.0,0.0,49.501381364887315,52.26378922592124,49.46838749711107,52.241790771484375,642510000,0.0,0.0
2024-01-09,369.9879231585575,373.94627016317753,369.17237304189894,373.74737548828125,20830000,0.0,0.0,139.71687888895542,142.45017192277345,139.44753607235896,142.21075439453125,19579700,0.0,0.0,52.38976117331029,54.313348269497105,51.67891133059166,53.12860107421875,773100000,0.0,0.0
2024-01-10,374.32418620703794,382.0818064859509,374.2744701293323,380.68939208984375,25514200,0.0,0.0,142.17086033628146,144.17093815881498,142.11100975904571,143.44772338867188,16641900,0.0,0.0,53.604500851877646,54.5882871359325,53.47752537705495,54.338340759277344,533796000,0.0,0.0
2024-01-11,383.9018856265645,388.55644006426115,378.3124381584288,382.5393371582031,27850800,0.0,0.0,144.54004405411715,146.30071959166403,141.86660153708067,143.3180389404297,17471100,0.0,0.0,54.9872018662301,55.33412754795731,53.54851139209147,54.810237884521484,596759000,0.0,0.0
2024-01-12,383.3946161527287,386.5672789780478,382.5591857091536,386.3584289550781,21645700,0.0,0.0,143.9863883405259,144.3854175426338,143.00879343282494,143.8866424560547,13995200,0.0,0.0,54.60827660916902,54.95820378191522,54.31834174634094,54.69825744628906,352994000,0.0,0.0
2024-01-16,391.52020834386707,391.88819229961535,385.51303113026245,388.14862060546875,27202300,0.0,0.0,143.07861875564652,145.48271840550225,142.7055420412959,143.72703552246094,19198900,0.0,0.0,55.006197788685355,56.82280549131992,54.888223074335414,56.369903564453125,449580000,0.0,0.0
2024-01-17,385.8711055875195,387.98950225722587,382.718323094995,387.3529968261719,22234100,0.0,0.0,142.55990277576558,143.0586778759077,140.16577316223842,142.53994750976562,17884500,0.0,0.0,56.33490929593722,56.45888323746477,54.728255678832646,56.04097366333008,474394000,0.0,0.0
2024-01-18,389.590757608681,391.8484078099571,387.99944854071236,391.72906494140625,23392100,0.0,0.0,143.08859042550932,145.22833967661873,142.99881456861414,144.63479614257812,18876800,0.0,0.0,57.24771268644967,57.587639889021396,56.09496019476111,57.09474563598633,491650000,0.0,0.0
2024-01-19,393.60880476389866,396.50299072265625,391.3610795752693,396.50299072265625,29272000,0.0,0.0,145.94656863107727,147.67731876490748,145.44281615159872,147.6074981689453,27170900,0.0,0.0,57.97655669533209,59.48723409221383,57.21272067490119,59.47823715209961,543501000,0.0,0.0
2024-01-22,397.8456674885771,398.44241223960563,391.45062524493704,394.3547668457031,27016900,0.0,0.0,148.34569471630064,149.64749040151597,147.2184581363429,147.34814453125,21829200,0.0,0.0,60.036120572679884,60.31806158481027,59.0573304555053,59.641204833984375,452955000,0.0,0.0
2024-01-23,393.59884828463896,397.2091217935274,391.78873385208783,396.7317199707031,20525900,0.0,0.0,147.35812565505253,148.4953323428288,146.82942523485713,148.31576538085938,14113600,0.0,0.0,59.55722060964735,59.89714782466714,58.572431303757156,59.86015701293945,294654000,0.0,0.0
2024-01-24,399.35741189194886,403.42517679056124,398.2733402995586,400.3718566894531,24867000,0.0,0.0,149.92180839813506,151.19868661982403,149.4729138657781,149.98167419433594,19245000,0.0,0.0,60.29106331582743,62.835515484312644,59.92514070806356,61.34883499145508,560271000,0.0,0.0
2024-01-25,402.1222827302953,404.7976633760543,400.3420039680487,402.6692810058594,21021200,0.0,0.0,151.36827156422748,154.3808621836674,150.8495412025631,153.26361083984375,21495100,0.0,0.0,62.336619447129756,62.705543562512126,60.83694131627134,61.60377883911133,482777000,0.0,0.0
2024-01-26,402.1720162977375,403.96225049430717,400.24255886295236,401.7344055175781,17803300,0.0,0.0,152.4954941681701,153.73246189559327,152.42567356931832,153.41323852539062,19494500,0.0,0.0,60.94692227381131,61.769747589457076,60.56000806747073,61.017906188964844,390309000,0.0,0.0
2024-01-29,403.85281064052623,407.7515163738106,402.132203332571,407.492919921875,24510200,0.0,0.0,153.26362083677893,154.81979680186893,152.54538343421294,154.46067810058594,20909300,0.0,0.0,61.21886193615795,62.475592233085536,60.89393471167032,62.45159912109375,348733000,0.0,0.0
2024-01-30,410.0191136359549,410.8047976288008,404.24069712023226,406.3690490722656,33477600,0.0,0.0,153.6327037733202,154.66017928134363,152.40072864379968,152.67506408691406,26578900,0.0,0.0,62.88650479275283,63.47937605506452,62.24663891674162,62.760528564453125,410735000,0.0,0.0
2024-01-31,404.74793405343684,413.0625085146517,395.0509308101669,395.4189147949219,47871100,0.0,0.0,145.03382302623265,145.23333002202958,141.20323390986277,141.45262145996094,43908600,0.0,0.0,61.42681462860675,62.25563911890535,60.68697555602618,61.513797760009766,453795000,0.0,0.0
2024-02-01,399.645822762124,405.7822988220977,399.615987042455,401.5852355957031,30657700,0.0,0.0,143.3379922838564,144.26570667400358,141.91148756669713,142.3603973388672,25526900,0.0,0.0,62.086674270274095,63.1774436020545,61.636773873581284,63.01347732543945,369146000,0.0,0.0
2024-02-02,401.6150459193161,410.4069915289673,401.3664048205646,408.9847717285156,28245000,0.0,0.0,140.5448374724652,143.5275178465088,137.83149989602458,143.18833923339844,42116900,0.0,0.0,63.960269848917804,66.5857057455748,63.6763304002474,66.14580535888672,476578000,0.0,0.0
2024-02-05,407.67193648995806,408.9250973311322,401.7940573158409,403.4450378417969,25352300,0.0,0.0,143.6871320536524,146.31069409553436,143.55746087104163,144.574951171875,29254400,0.0,0.0,68.21036620384407,69.48209657012879,67.19058832027781,69.31713104248047,680078000,0.0,0.0
2024-02-06,403.6737833372877,405.75241918711475,400.7199260029661,403.285888671875,18382600,0.0,0.0,145.60242760325048,146.38051550794503,144.16595294184285,145.05377197265625,21517700,0.0,0.0,69.61506228720668,69.73903623959524,66.28578233734672,68.20836639404297,683111000,0.0,0.0
2024-02-07,405.2253513604076,412.048049077267,405.1855602830067,411.7994079589844,22340500,0.0,0.0,145.7620225467025,146.6398715465389,144.85426348158867,146.32064819335938,21436100,0.0,0.0,68.30433711463786,70.20493008430032,67.58548966209999,70.08395385742188,495575000,0.0,0.0
2024-02-08,411.7993678721975,413.3011697929746,410.28764094681054,411.8590393066406,21225300,0.0,0.0,146.6099416947544,147.24837315982688,146.06128608694053,146.8593292236328,18241300,0.0,0.0,70.05895858578369,70.77880528362208,69.44009576486515,69.62605285644531,414422000,0.0,0.0
2024-02-09,412.9928590098735,418.53258989376275,412.8337250667871,418.2640380859375,22032800,0.0,0.0,147.5875465681135,150.32583217170242,147.06881621082735,149.85198974609375,21877700,0.0,0.0,70.517860457786,72.16950635889243,70.19693020002543,72.11752319335938,436637000,0.0,0.0
2024-02-12,418.2739866071132,418.45300090827396,412.4955700788698,413.0028076171875,21202900,0.0,0.0,149.17365963995448,150.22109046044497,148.19606464415426,148.3656463623047,17236100,0.0,0.0,72.58442001306277,74.5949900805475,71.23471122074746,72.23249816894531,613710000,0.0,0.0
2024-02-13,402.7389159311724,407.8410362274365,401.1973532313077,404.1114196777344,27824900,0.0,0.0,145.71217592773334,147.67733596514228,144.75452096662738,146.0114288330078,18138500,0.0,0.0,70.38489234538874,73.43423318067344,69.60506096867827,72.11251831054688,602580000,0.0,0.0
2024-02-14,406.6024273726602,408.3660508109545,403.1150147467339,408.0173034667969,20401200,0.75,0.0,147.0089580251132,147.46783778307477,145.19840210080855,146.77952575683594,16651800,0.0,0.0,73.18629933977053,74.22007409691284,71.92257056867116,73.88414764404297,504917000,0.0,0.0
2024-02-15,406.67217404920154,407.6586038685065,402.8360141628252,405.09783935546875,21825500,0.0,0.0,144.10611748296878,144.4053703843108,141.53243598156436,143.58738708496094,26724300,0.0,0.0,73.85315665350382,73.9591290932623,72.38447001899023,72.64241027832031,420122000,0.0,0.0
2024-02-16,406.49281005598874,406.8216402771548,401.9890766652795,402.6068420410156,22281100,0.0,0.0,143.85671452421175,144.1260421066002,141.17330217231705,141.41270446777344,21849700,0.0,0.0,74.08410021259884,74.38603737076932,72.48544425670752,72.59741973876953,495327000,0.0,0.0
2024-02-20,401.78976350568934,403.03526796096475,396.57859232582433,401.3414001464844,24307900,0.0,0.0,140.59473099154147,142.97787080484278,140.45507456905216,141.8516387939453,18625600,0.0,0.0,71.93155520985552,71.94055596298055,67.71946209107033,69.43709564208984,704833000,0.0,0.0
2024-02-21,398.73083103930014,400.8432017480266,395.7914283369083,400.73358154296875,18631100,0.0,0.0,142.29055272805977,143.62726627536696,141.5623453808562,143.48760986328125,16499600,0.0,0.0,67.99140919868836,68.87322379021447,66.23379068894137,67.45752716064453,690298000,0.0,0.0
2024-02-22,408.71478444266717,411.3452740659007,407.1006155180746,410.1695251464844,27009900,0.0,0.0,145.76203251129064,145.8418383550412,143.65720094927033,144.96400451660156,23024700,0.0,0.0,75.00890204199128,78.55813567704445,74.20407448042334,78.52114868164062,865100000,0.0,0.0
2024-02-23,414.1751061358801,414.36439484849507,407.49918971824974,408.8642578125,16295900,0.0,0.0,144.61485861277504,145.5974462019317,144.43529165555722,144.93406677246094,14519400,0.0,0.0,80.77266313615574,82.37631519054251,77.55335293748638,78.80008697509766,829388000,0.0,0.0
2024-02-26,409.98022599205785,410.67772069092507,405.8949650583185,406.0743408203125,16193500,0.0,0.0,143.0985625030775,143.4876064432869,138.4001099345031,138.4100799560547,33513000,0.0,0.0,79.68289874055824,80.62870256664092,78.48815541152759,79.07503509521484,503973000,0.0,0.0
2024-02-27,406.52267149644587,406.8515016937889,402.3975766433515,406.0145263671875,14835800,0.0,0.0,139.06847808252354,140.14583413320656,138.16070374054874,139.7567901611328,22364000,0.0,0.0,79.36396697245546,79.46295238523258,77.14544887617745,78.68411254882812,391705000,0.0,0.0
2024-02-28,406.71199923437507,407.8279663601961,403.8622996386407,406.253662109375,13183100,0.0,0.0,138.75924505655723,138.93879679423674,136.30526475840938,137.09332275390625,30628700,0.0,0.0,77.60334937441895,78.91606358178116,77.10845283067987,77.6463394165039,393110000,0.0,0.0
2024-02-29,407.17038672368494,412.71038837541505,404.4601676819315,412.15240478515625,31947300,0.0,0.0,138.0110716035466,139.60714273686742,137.23298369150362,139.43756103515625,35485000,0.0,0.0,79.07703022904053,79.97283406504555,78.33318657713711,79.09502410888672,507289000,0.0,0.0
2024-03-01,409.7908782935449,414.37434071888777,409.40229671994484,414.00567626953125,17800300,0.0,0.0,139.26798028354838,139.657024242224,137.6369912301406,137.74172973632812,28522000,0.0,0.0,79.98283458079037,82.28234412609109,79.41795337068113,82.26134490966797,479135000,0.0,0.0
2024-03-04,411.95310713420247,415.84904886214485,410.8371399665941,413.42779541015625,17596000,0.0,0.0,136.20549484659497,136.295285931043,132.5345174913651,133.87123107910156,43571500,0.0,0.0,84.11194710284612,87.67618467045043,83.7010397988201,85.21871185302734,615616000,0.0,0.0
2024-03-05,412.4711952290164,412.7601607658309,399.1991233687723,401.2018737792969,26919200,0.0,0.0,132.41480981065686,133.6916727600651,131.22772271986162,133.45225524902344,28447600,0.0,0.0,85.25570106643988,86.08256589771223,83.40301489652649,85.9495849609375,520639000,0.004,0.0
2024-03-06,401.520730349561,403.7028565055454,396.9572155769562,400.6438903808594,22344100,0.0,0.0,133.91113690926733,134.40991198163607,131.62673855383042,132.23524475097656,23175200,0.0,0.0,88.00724714293469,89.708957669529,87.01540904827124,88.68512725830078,582520000,0.0,0.0
2024-03-07,404.6594510933356,408.3062921519282,400.79340001238523,407.6686096191406,18718500,0.0,0.0,133.5619925788461,135.48727233543204,132.33501012322972,134.90869140625,24107300,0.0,0.0,90.14287716281099,92.75144077931361,89.58697065102406,92.65345764160156,608119000,0.0,0.0
2024-03-08,406.49279622041365,408.943970922281,402.87584635764586,404.7590637207031,17971700,0.0,0.0,134.70418540179344,138.64450536937701,134.4697605124844,135.9561004638672,26472400,0.0,0.0,95.12205358452479,97.38367546854913,86.49149668521618,87.5133285522461,1142269000,0.0,0.0
2024-03-11,402.3079090049905,404.2209868017705,399.8169001180621,403.0651550292969,16120800,0.0,0.0,136.7342106654936,139.63707012498557,136.7342106654936,138.59962463378906,22536400,0.0,0.0,86.41450962458562,88.7821088072661,84.15188856520011,85.7596206665039,678364000,0.0,0.0
2024-03-12,406.15401359976437,414.07543405197885,405.327012025755,413.7864685058594,22457000,0.0,0.0,137.91131519793802,139.9363408869293,137.87141988734373,139.2779541015625,19019700,0.0,0.0,88.03424011435192,91.94457982735513,86.13555645152671,91.89759063720703,668075000,0.0,0.0
2024-03-13,416.5963580657627,416.67605697562533,409.9702800987869,413.6071472167969,17115900,0.0,0.0,139.71688825118534,141.8416751951655,139.6670076934498,140.42515563964844,19637000,0.0,0.0,91.039736409483,91.48865863988497,88.42017286391689,90.87276458740234,635713000,0.0,0.0
2024-03-14,418.72863404872095,426.28139027338693,416.48672597594526,423.69073486328125,34157300,0.0,0.0,141.95139349274874,144.37543312104626,141.13838766157156,143.98638916015625,36117900,0.0,0.0,89.56198201567341,90.63080299563524,86.5854762345844,87.92925262451172,602318000,0.0,0.0
2024-03-15,417.7820672194502,421.08016064962663,411.3054439239168,414.9223937988281,45049800,0.0,0.0,143.05866869851107,143.98638301898552,140.78425560548203,141.8217010498047,41025900,0.0,0.0,86.91542006949297,89.53097861876427,86.24253642607488,87.822265625,642086000,0.0,0.0
2024-03-18,412.76018651759574,419.21689271760266,412.2918756147088,415.81915283203125,20106000,0.0,0.0,149.00406047639555,152.55533656166529,147.77707805848658,148.11624145507812,47676700,0.0,0.0,90.37284483302885,92.38950492726417,87.07039725439954,88.44017028808594,668976000,0.0,0.0
2024-03-19,416.32729782359553,420.15351436066743,414.0554988591103,419.8944396972656,19837900,0.0,0.0,148.61501791699447,149.25344940771228,146.64984289278027,147.5576171875,17748400,0.0,0.0,86.68546503408706,90.52882250530958,84.9957534845943,89.38301849365234,672171000,0.0,0.0
2024-03-20,420.4823195339551,424.42806927889796,419.1471423578337,423.7007141113281,17860100,0.0,0.0,148.42548963427268,149.39311455950428,147.3032456435935,149.3133087158203,17730000,0.0,0.0,89.78194149936272,90.39484531306526,88.2082079018428,90.35684967041016,479063000,0.0,0.0
2024-03-21,428.2841428024405,429.2706030363767,425.6237622387378,427.8258056640625,21296200,0.0,0.0,149.95175678885295,150.93432914570172,147.64740298833584,148.37562561035156,19843900,0.0,0.0,92.2845305953346,92.63247183214001,90.38984398668795,91.41967010498047,480372000,0.0,0.0
2024-03-22,428.1546284078146,428.31402622095453,424.5376785647452,427.19805908203125,17636500,0.0,0.0,149.87194281903928,152.18625129519629,149.72230116089588,151.398193359375,19226300,0.0,0.0,91.125718516012,94.76210978900191,90.81877077969101,94.273193359375,586719000,0.0,0.0
2024-03-25,423.7106482644727,425.87285741065665,420.09369840693,421.3392028808594,18060500,0.0,0.0,150.58020186364772,151.08495898445824,148.4354749906208,150.7797088623047,15114700,0.0,0.0,93.92524962697422,96.74977287257344,93.49432214224548,94.98606872558594,552136000,0.0,0.0
2024-03-26,424.0792944107052,424.45793261968106,419.83463602416924,420.133544921875,16725600,0.0,0.0,150.86950455185809,152.824694508307,150.66001230296274,151.328369140625,19312700,0.0,0.0,95.83492815568461,96.35884238002234,92.48649060413842,92.54547882080078,513648000,0.0,0.0
2024-03-27,422.91352154834817,422.9234953142656,417.5030576163737,419.9143371582031,16705000,0.0,0.0,151.77227915820356,152.3159421896216,149.76221611780514,151.56777954101562,16622000,0.0,0.0,93.0963827787674,93.22435966295053,89.10805339999807,90.23486328125,586067000,0.0,0.0
2024-03-28,419.446036304839,420.35276719813675,417.61265739375546,419.2069091796875,21871200,0.0,0.0,151.62763582662782,152.29599265797881,150.95927899527686,151.88699340820312,21105600,0.0,0.0,89.9849077212787,91.28469277294323,89.17804384203521,90.34085083007812,435212000,0.0,0.0
2024-04-01,422.42532544323956,426.35115812547906,420.70153623961255,423.0430908203125,16316000,0.0,0.0,151.45805001782236,156.6153827703799,151.27848306511896,156.11660766601562,24469800,0.0,0.0,90.28386235421353,92.20953427836105,89.18904474222293,90.34784698486328,452441000,0.0,0.0
2024-04-02,418.5991130717621,420.86096876567433,416.3372877856753,419.9243469238281,17912000,0.0,0.0,154.3708925740884,155.60786029477666,153.08405952080952,155.48814392089844,17598100,0.0,0.0,88.43316700972957,90.07889472953997,87.60531054840783,89.43700408935547,433064000,0.0,0.0
2024-04-03,418.22048493570827,421.73778835137483,417.58277204973547,418.9378967285156,16502300,0.0,0.0,154.540478441319,156.16649017272132,153.75441446849382,155.98692321777344,17266200,0.0,0.0,88.46916616816215,90.35884868555657,88.38518061752751,88.94908142089844,370067000,0.0,0.0
2024-04-04,423.46155114559343,427.12833945948364,416.068253550806,416.37713623046875,19370900,0.0,0.0,154.700086554323,155.7973826394336,151.50792896455243,151.56777954101562,24184800,0.0,0.0,90.39083921879032,90.61880544324197,85.8655971487251,85.89059448242188,434965000,0.0,0.0
2024-04-05,418.49949130961807,424.9761147954023,416.8155667706881,423.9896545410156,16544300,0.0,0.0,151.3084082577283,154.4606705684497,150.71087665724892,153.56288146972656,16289800,0.0,0.0,86.85143353190004,88.4661682564141,85.91159631757287,87.99324798583984,399678000,0.0,0.0
2024-04-08,423.6409193804279,425.7433163180875,421.77761916132215,423.06298828125,14272400,0.0,0.0,153.63769782991758,156.27122982423862,153.61276516276908,155.7574920654297,16641500,0.0,0.0,88.68512390729242,88.81510699114199,86.71745920682812,87.11839294433594,283220000,0.0,0.0
2024-04-09,424.9063459466705,426.20165844015906,420.10367338348533,424.7469177246094,12512300,0.0,0.0,156.96453600371188,159.4983069102608,156.25626863746618,157.75259399414062,21538100,0.0,0.0,87.427338467607,87.62030689736584,83.0080814743026,85.33968353271484,503547000,0.0,0.0
2024-04-10,420.67163383024246,422.50501278575086,418.19059862320614,421.73779296875,16216600,0.0,0.0,157.49323546206057,157.77254830924235,155.8173431575613,157.27377319335938,16339200,0.0,0.0,83.91192947024233,87.38534596027351,83.69496298945866,87.02440643310547,431929000,0.0,0.0
2024-04-11,424.28859418130247,427.82581484762187,420.8410157834726,426.3909912109375,17966400,0.0,0.0,157.95209273602646,160.72528103430395,157.5430935067893,160.39608764648438,17841700,0.0,0.0,87.40533643527763,90.72378002992566,86.91142361975801,90.60079956054688,431637000,0.0,0.0
2024-04-12,422.5249521781749,423.650893158757,418.2603458072204,420.3826904296875,19232100,0.0,0.0,159.01448794978378,161.30386382554164,158.21146734740034,158.80001831054688,16968200,0.0,0.0,89.6839580526765,90.15988379707298,87.51532300109538,88.17121124267578,426805000,0.0,0.0
2024-04-15,425.06578708629894,425.2849970973167,411.9431381329404,412.15240478515625,20273500,0.0,0.0,159.88735729589206,160.43601299292212,155.76746977804092,155.94703674316406,21140900,0.0,0.0,89.08306075143088,90.59780612521706,85.9145933706386,85.98657989501953,443077000,0.0,0.0
2024-04-16,413.07904589917786,416.8952582906374,412.2420705278667,413.0889892578125,16765600,0.0,0.0,155.25870969481707,156.8448108308262,154.6701587406614,155.61782836914062,15413200,0.0,0.0,86.41850723359278,88.10322228418815,86.04957343318868,87.40034484863281,370453000,0.0,0.0
2024-04-17,415.74940334221725,417.37354608032194,408.85427703017245,410.3588562011719,15855500,0.0,0.0,156.80491989226536,158.29226457590423,155.7524965059392,156.4956817626953,16237800,0.0,0.0,88.32518295928818,88.76011520300648,83.93591971097685,84.02091217041016,495400000,0.0,0.0
2024-04-18,409.1532132353134,410.40869149599354,402.49724451606636,402.8160705566406,21029900,0.0,0.0,156.54055629794715,158.09673205640905,155.82731161221994,157.07424926757812,14016100,0.0,0.0,84.95575277818942,86.17554941942909,82.38818260743635,84.65679931640625,447260000,0.0,0.0
2024-04-19,402.5769461656378,404.0217435519042,396.339449885593,397.6846008300781,30276500,0.0,0.0,157.3635418959192,157.60295942034884,153.53295283349243,155.33851623535156,20063900,0.0,0.0,83.13606505425231,84.30986425670471,75.59333075838578,76.18722534179688,875198000,0.0,0.0
2024-04-22,398.6411348292365,401.4011922340004,394.326720664829,399.5179748535156,20286900,0.0,0.0,155.62779951422104,158.7950244087412,155.27866608089775,157.56304931640625,17243900,0.0,0.0,78.09090473500872,80.0595764672543,76.38719560217787,79.50466918945312,596341000,0.0,0.0
2024-04-23,402.78617655393526,406.73195665478823,401.61042761834875,406.1042175292969,15734500,0.0,0.0,158.2014851455539,160.086854445453,157.57801626038344,159.52822875976562,16115400,0.0,0.0,80.75545762414387,82.75512235767506,80.25054502504886,82.4091796875,438559000,0.0,0.0
2024-04-24,408.08703844851493,410.98657644886526,405.31703777585045,407.5888366699219,15065300,0.0,0.0,158.70025195288045,160.99462037458255,158.43092436798798,160.70533752441406,19485700,0.0,0.0,83.93592144535573,84.06790309707905,79.16972241462176,79.66364288330078,512208000,0.0,0.0
2024-04-25,392.61289730195864,398.4518380317162,386.6344758845294,397.6048889160156,40586500,0.0,0.0,152.98429760179766,157.8922427053622,152.39375263895843,157.56304931640625,36197800,0.0,0.0,78.85477234979821,83.30902720679283,78.20988385388404,82.61814880371094,424641000,0.0,0.0
2024-04-26,410.6877015039508,411.5147031453564,404.30075052532226,404.8587341308594,29694700,0.0,0.0,175.55886434298202,175.98780362066668,170.9800973784824,173.26449584960938,56500800,0.0,0.0,83.80394074828934,88.3161842035931,83.37301329045636,87.72028350830078,551011000,0.0,0.0
2024-04-29,403.7925555014032,404.85871464230763,397.7543521688509,400.8033447265625,19582100,0.0,0.0,170.3516574968669,170.9601637476584,166.65073943620195,167.48867797851562,35914600,0.0,0.0,87.5803112869484,87.97724025408685,85.25169948697807,87.7422866821289,388971000,0.0,0.0
2024-04-30,400.0460498169102,400.7136535719452,387.7703812443129,387.9297790527344,28781400,0.0,0.0,166.969956837732,169.45384708645707,164.09700739964154,164.23666381835938,29420800,0.0,0.0,87.22536912491692,88.80410673208725,86.28553193485574,86.38751220703125,363709000,0.0,0.0
2024-05-01,391.1979854890888,400.2752376954743,388.9062694736309,393.5196228027344,23562500,0.0,0.0,165.77287390354553,168.39643562589313,164.49601095018713,165.1643829345703,25223200,0.0,0.0,85.0627384534076,85.9855802137932,81.24137307099205,83.0270767211914,559863000,0.0,0.0
2024-05-02,396.22986485240887,398.49169010971565,393.23068024330894,396.4092102050781,17709400,0.0,0.0,166.26169407916453,168.1171381054605,165.2840991212176,168.0473175048828,17041100,0.0,0.0,84.43483783429492,86.22254005204321,83.18604670637745,85.8026123046875,377898000,0.0,0.0
2024-05-03,400.8332267481025,405.6857072666299,400.4147238694429,405.1974792480469,17446700,0.0,0.0,169.1246597379136,169.43391309600338,164.5758331126741,168.57601928710938,22767100,0.0,0.0,87.77428416017375,89.26603080091456,87.02540917635072,88.77411651611328,398341000,0.0,0.0
2024-05-06,407.28995676641233,412.44134649548096,404.90853749941664,412.0527648925781,16996600,0.0,0.0,168.8054494454227,169.4837762887439,167.47870582625913,169.41395568847656,15147900,0.0,0.0,89.37501097046628,92.20453828251415,89.0400680567816,92.12454986572266,376203000,0.0,0.0
2024-05-07,413.1687335044037,413.17870727122335,407.6187579788331,407.86785888671875,20018200,0.0,0.0,169.70323446835158,173.04503371342977,169.5835333156852,172.5562286376953,21102400,0.0,0.0,91.08272586954203,91.76561001361975,88.99607779465511,90.538818359375,437342000,0.0,0.0
2024-05-08,406.7020659589674,410.74746209427366,405.2472948266194,409.06353759765625,11792300,0.0,0.0,170.33169291250837,171.48785015934408,170.1042546379518,170.74069213867188,14569900,0.0,0.0,89.46799786995102,91.17870951769717,89.40500489387333,90.39684295654297,325721000,0.0,0.0
2024-05-09,409.09342143632676,411.2356830323753,407.628706970669,410.8371276855469,14689700,0.0,0.0,170.73071346053493,172.01756176377182,169.513700978727,171.15966796875,11937700,0.0,0.0,90.51382327976471,91.05673152034075,88.21621198900108,88.73212432861328,378013000,0.0,0.0
2024-05-10,411.454898796182,413.8861259760523,410.31898411359913,413.2484130859375,13402300,0.0,0.0,169.27429700201844,170.92024875442917,167.49865885189246,169.87281799316406,18740500,0.0,0.0,90.28985299842111,91.3856698321652,89.21203088752551,89.86292266845703,335325000,0.0,0.0
2024-05-13,416.50666601097504,416.8454395758238,409.34252191031106,412.2320861816406,15440200,0.0,0.0,165.44070828746476,170.5312037965132,165.35391581850985,170.4813232421875,19648600,0.0,0.0,90.46283160814713,90.9827487215369,88.51416078638837,90.38385009765625,289680000,0.0,0.0
2024-05-14,410.5382086979875,415.9885377174583,410.0698977801234,415.0618896484375,15109300,0.0,0.0,171.16964089507292,172.35672810823806,170.00250894857004,171.50880432128906,18729500,0.0,0.0,89.58397383764752,91.63563168301548,88.91908443857031,91.34068298339844,296507000,0.0,0.0
2024-05-15,417.14811372005255,423.04748418125,416.51924233374484,422.31878662109375,22239500,0.75,0.0,171.8778942021171,173.61961895906987,171.6085513991328,173.4540252685547,20958200,0.0,0.0,92.45649287049677,94.84609146507485,91.58363817128911,94.61412811279297,417735000,0.0,0.0
2024-05-16,421.04111473047993,424.65462746809226,419.5937417467572,420.2325744628906,17530100,0.0,0.0,174.17227558890175,175.9080032408463,173.62361992019171,175.00022888183594,17247300,0.0,0.0,94.89408789847052,95.8029320479426,94.08721639210377,94.34317779541016,323952000,0.0,0.0
2024-05-17,421.7797738940241,422.15909507145113,417.2778785450943,419.4539489746094,15352200,0.0,0.0,175.11993951920942,177.06016673050127,174.5513286026191,176.8556671142578,16546400,0.0,0.0,94.35317574521059,94.72410808994566,91.79060207162159,92.46348571777344,359691000,0.0,0.0
2024-05-20,419.45396241482433,426.00215742526564,419.2343570136284,424.5747375488281,16272100,0.0,0.0,176.87562004935637,179.50915191672712,176.79083680801165,178.02281188964844,17495100,0.0,0.0,93.73428822046584,95.18404216036268,93.42434261508059,94.76411437988281,318764000,0.0,0.0
2024-05-21,426.0620511343007,432.19101891399305,424.08563296720774,428.2680969238281,21453300,0.0,0.0,177.96295205651043,179.37948675497083,176.87562597658714,179.10015869140625,14706000,0.0,0.0,93.58330739875441,95.38400796788866,93.16437892451985,95.37001037597656,328946000,0.0,0.0
2024-05-22,429.31620330543893,431.6320366067369,426.36153729569446,429.74542236328125,18073700,0.0,0.0,177.96294831474614,178.4138520830965,176.34692187318996,177.56393432617188,16189400,0.0,0.0,95.4429994009912,96.00390237950369,93.23337074256501,94.93408203125,548648000,0.0,0.0
2024-05-23,432.19101060705754,432.81988199819887,424.654606594968,426.23175048828125,17211700,0.0,0.0,178.34202196211933,179.46925854900752,174.11240367179334,174.63113403320312,14928400,0.0,0.0,102.01089415050575,106.30217438278568,101.50297608603566,103.78160095214844,835065000,0.0,0.0
2024-05-24,426.4214201614011,430.284452546189,423.6464230389501,429.3860778808594,11845800,0.0,0.0,176.08756248280193,176.86963841631282,174.770788935582,175.8980255126953,11400600,0.0,0.0,104.43148342982896,106.45714468538719,102.98272890100075,106.4511489868164,429494000,0.0,0.0
2024-05-28,428.8570153768908,430.0448767681172,425.8324681657636,429.5457763671875,15718000,0.0,0.0,175.30947955892324,178.07268268394898,175.24961376028097,177.58389282226562,15655300,0.0,0.0,110.22552004503532,114.9197325872293,109.86458050842317,113.88190460205078,652728000,0.0,0.0
2024-05-29,424.9241078592897,430.1646621440202,424.9241078592897,428.3978576660156,15517100,0.0,0.0,176.37684212257994,177.79336152938228,175.8281864879082,176.96539306640625,15023800,0.0,0.0,113.03105164469346,115.47263598862823,110.88240982258979,114.80574798583984,557442000,0.0,0.0
2024-05-30,423.5365985674188,423.5365985674188,413.49470068821756,413.9239501953125,28424800,0.0,0.0,176.25714841850242,176.25714841850242,172.80561800665956,173.1348114013672,18844000,0.0,0.0,114.63077373565353,115.79957640278722,109.64461058659671,110.4814682006836,487350000,0.0,0.0
2024-05-31,416.0001981551101,416.0001981551101,403.7822296778057,414.38311767578125,47995300,0.0,0.0,172.9751878719883,173.99269327492675,170.5511483424844,173.53382873535156,28085200,0.0,0.0,112.50113344725025,112.69810664611099,106.92207469285654,109.6146240234375,613263000,0.0,0.0
2024-06-03,414.78239441586754,415.68076908060925,408.18430147617795,412.7760009765625,17484700,0.0,0.0,173.45403588130844,175.42918104075827,172.02753116179983,173.99270629882812,20742800,0.0,0.0,113.6019539030289,114.98072052001953,111.98422131235965,114.98072052001953,438392000,0.0,0.0
2024-06-04,411.68797587586874,415.69077109680313,408.9429234942185,415.3214416503906,14348900,0.0,0.0,174.022631451402,174.7608240880411,172.7956489525497,174.7009735107422,14066600,0.0,0.0,115.69660069016402,116.58044752208679,114.02587562762342,116.41747283935547,403324000,0.0,0.0
2024-06-05,417.05827419686176,423.316982252091,415.55098123941247,423.24713134765625,16988000,0.0,0.0,176.1025374306685,177.53401960719398,174.86057701608334,176.63623046875,15233900,0.0,0.0,118.35115378524935,122.42846528858684,117.44830532205212,122.41947174072266,528402000,0.0,0.0
2024-06-06,423.24713337206975,424.54478223440873,419.82328145689553,423.7561950683594,14861300,0.0,0.0,176.99531116992313,178.27218933215624,176.77586414636863,177.91307067871094,14255800,0.0,0.0,124.02719859781784,125.56594203322835,118.30016212925993,120.97771453857422,664696000,0.0,0.0
2024-06-07,425.43321093193657,425.5130535956995,422.2389560533201,423.0874328613281,13621700,0.0,0.0,178.02281211364357,178.98045176403363,175.35933973381466,175.51895141601562,14716300,0.0,0.0,119.7499203749286,121.67160290144707,118.00221991050435,120.86773681640625,412386000,0.0,0.0
2024-06-10,423.93590960030053,427.3098028561661,423.12736935564175,427.1001892089844,14003000,0.0,0.0,176.21802534536718,178.2353740007298,174.15075461394522,176.39779663085938,17122200,0.2,0.0,120.3498245281274,123.07936261299042,116.99038717128398,121.76958465576172,314162700,0.0,10.0
2024-06-11,424.714492210749,432.04128251107204,424.4848950575601,431.9015197753906,14551100,0.0,0.0,177.48636616610062,178.15548353908764,175.2093647288904,177.95574951171875,14402400,0.0,0.0,121.75957760024413,122.85948958360689,118.7298380776435,120.899658203125,222551200,0.01,0.0
2024-06-12,434.5367860452445,442.6022352259115,432.4705030473988,440.2664489746094,22366200,0.0,0.0,179.51369675187317,181.84063551199145,177.54628533749698,179.32394409179688,18600400,0.0,0.0,123.04946897946783,126.86914184859852,122.55951303818638,125.18928527832031,299595000,0.0,0.0
2024-06-13,440.0568553290733,442.59229404362975,438.5795070893568,440.7855224609375,15960600,0.0,0.0,177.6062046891431,178.2753220664791,176.42776325289663,176.50765991210938,15956900,0.0,0.0,129.37892507959842,129.78889365006472,127.14912021429149,129.59890747070312,260704500,0.0,0.0
2024-06-14,437.4914526433868,442.34272445223553,435.93426180663823,441.77374267578125,13582000,0.0,0.0,175.6208182520036,178.49502537645768,175.6208182520036,178.135498046875,12361600,0.0,0.0,129.9488946359412,132.82863800983017,128.3090354725168,131.8687286376953,309320400,0.0,0.0
2024-06-17,441.79369397889576,450.1286768563718,439.92706333342124,447.56329345703125,20790000,0.0,0.0,176.74733095351039,179.68346835355496,176.25798487932246,178.5449676513672,15272900,0.0,0.0,132.97863366833235,133.71856062698004,129.5689215917762,130.9687957763672,288504400,0.0,0.0
2024-06-18,448.90088872513473,449.3301382355733,444.0895838547788,445.5369567871094,17112500,0.0,0.0,178.55495297655918,178.67480558489225,175.38912214012103,176.21803283691406,15640300,0.0,0.0,131.1287824804686,136.31834100097888,130.67882402219837,135.5684051513672,294335100,0.0,0.0
2024-06-20,445.4970284658229,445.7266256285528,440.47607939422454,444.89813232421875,19877400,0.0,0.0,176.47769404936503,178.50502408095414,176.22802271307344,177.47637939453125,16753200,0.0,0.0,139.7880469419257,140.74795629569462,129.50892733853578,130.76881408691406,517768400,0.0,0.0
2024-06-21,446.57508828170745,449.769312632082,445.7066584412535,448.97076416015625,34486200,0.0,0.0,178.25534820981653,182.27204849681618,177.82590559818107,180.02301025390625,59728000,0.0,0.0,127.10912959146617,130.61883150116375,124.28937110411084,126.55917358398438,655484700,0.0,0.0
2024-06-24,448.99073575427695,451.9354404836348,445.6068506710909,446.8645935058594,15913700,0.0,0.0,181.04168370778496,181.84063505617905,179.9930610154383,180.5523223876953,18198300,0.0,0.0,123.22945780410822,124.44935468461436,118.0299055838685,118.09989929199219,476060900,0.0,0.0
2024-06-25,447.4435174764647,450.60782747881404,445.94621624676097,450.138671875,16747500,0.0,0.0,180.90686196437198,185.50580373356038,180.86690601668994,185.33602905273438,18917700,0.0,0.0,121.18962736123486,126.48917695718269,119.30979095596525,126.07920837402344,425787500,0.0,0.0
2024-06-26,448.1921782643384,452.7839082321868,447.3836380189599,451.34649658203125,16507000,0.0,0.0,183.95783697540784,185.68555835047502,183.74812158724558,185.1262969970703,13375700,0.0,0.0,126.11920949453338,128.109037155991,122.58951263212006,126.38919067382812,362975900,0.0,0.0
2024-06-27,451.36643984920676,455.3492818389116,450.9571738571483,452.0352478027344,14806300,0.0,0.0,185.40095029461466,187.2535073942576,185.2061993323345,186.61434936523438,13025700,0.0,0.0,124.08938420737587,126.39919182073443,122.90948482756797,123.9793930053711,252571700,0.0,0.0
2024-06-28,452.25485824092095,454.560699725703,445.6068370446384,446.1458740234375,28362300,0.0,0.0,185.4758428587884,186.3347128621031,183.08398719884147,183.17886352539062,23032400,0.0,0.0,124.56934616552923,127.69907570179085,122.73950085949569,123.52943420410156,315516700,0.0,0.0
2024-07-01,447.8527763611413,456.547096834103,444.8581739492551,455.90826416015625,17662800,0.0,0.0,184.23747043465664,185.09634045142226,182.4897710595069,184.24746704101562,11815900,0.0,0.0,123.45943686147088,124.82931475892548,118.81983448016378,124.28936767578125,284885500,0.0,0.0
2024-07-02,452.38462669565615,458.763114135567,452.2947618141318,458.45367431640625,13979800,0.0,0.0,183.22879847720978,186.70421915427062,182.81933383514448,186.3646697998047,12555500,0.0,0.0,121.11963853278894,123.39944996129414,121.01964861027587,122.65950775146484,218374000,0.0,0.0
2024-07-03,457.36563430230166,460.1905292078966,457.05619448636736,459.94097900390625,9932800,0.0,0.0,186.05508287118715,187.3733396028019,185.14127724657862,187.14364624023438,7409100,0.0,0.0,121.6495987638533,128.26902770996094,121.34962136967512,128.26902770996094,215749000,0.0,0.0
2024-07-05,458.78307168504375,467.5073677076921,458.1442389904913,466.7187805175781,16000300,0.0,0.0,187.07374230529865,192.00723500793814,187.07374230529865,191.7076416015625,14303400,0.0,0.0,127.36909957169617,128.83898265880967,125.66924806250304,125.8192367553711,214176700,0.0,0.0
2024-07-08,465.71059339028005,466.8585487354724,463.6243572737453,465.4011535644531,12962300,0.0,0.0,191.1134300395681,191.42701261108,189.07112030020596,190.22958374023438,12097600,0.0,0.0,127.47908755456908,130.75881326763965,127.02912911606042,128.18902587890625,237677300,0.0,0.0
2024-07-09,466.15979611649647,466.4891889928316,457.1759884825597,458.7132263183594,17207200,0.0,0.0,191.49791157145654,192.60645289466578,189.97990560662754,190.18963623046875,10198500,0.0,0.0,130.33886367989177,133.80856828209266,128.6389967912747,131.3687744140625,285366600,0.0,0.0
2024-07-10,460.3901839011476,465.62074645537155,458.03441412289084,465.4111328125,18196100,0.0,0.0,190.49923034831002,193.0558624039098,190.3693963765286,192.40672302246094,12052900,0.0,0.0,134.01853838065725,135.08845421259372,132.408675435373,134.89846801757812,248978600,0.0,0.0
2024-07-11,462.14702910596276,463.9437784065974,450.73757052011626,453.8819274902344,23111200,0.0,0.0,191.08845414351836,192.15705479900356,186.57440726414563,187.05377197265625,16452000,0.0,0.0,135.73839116372397,136.1383508542146,127.03913820693796,127.38910675048828,374782700,0.0,0.0
2024-07-12,453.5125737072739,455.5389201916152,449.8392019313785,452.7339782714844,16324300,0.0,0.0,186.6742696895701,188.4419470817474,185.8952963110641,186.53445434570312,14449100,0.0,0.0,128.24903091434487,131.90872172139123,127.20912652625566,129.2289581298828,252680500,0.0,0.0
2024-07-15,452.48443329494324,456.4373305955963,450.61780257874887,453.14324951171875,14429400,0.0,0.0,186.24483440653248,189.65033983201153,186.24483440653248,187.94259643554688,12186000,0.0,0.0,130.54882989317866,131.37876072865342,127.1691217534183,128.42901611328125,208326200,0.0,0.0
2024-07-16,453.4027989347938,453.4826416005614,445.8564028188264,448.71124267578125,17175700,0.0,0.0,188.71159207924066,190.08976751186879,184.87662872051536,185.25613403320312,12760100,0.0,0.0,128.4290136327873,129.02895314471692,124.56934326852084,126.34918975830078,214769500,0.0,0.0
2024-07-17,441.79369593210816,444.0496395265401,438.3898274906823,442.7220153808594,21778000,0.0,0.0,184.4372027082506,184.98648269726002,181.38122798232612,182.37991333007812,17376600,0.0,0.0,121.33961734722341,121.83957457372927,116.71001617612623,117.97990417480469,390086200,0.0,0.0
2024-07-18,443.5405562956479,443.84999611813106,433.61843753799087,439.57769775390625,20794800,0.0,0.0,183.29870306141848,183.80804234444864,177.97572353777872,178.98439025878906,17877200,0.0,0.0,121.83957272894756,122.38952872127382,116.55002443715598,121.07963562011719,320979500,0.0,0.0
2024-07-19,432.32078277543104,440.34632592638405,431.2227557769831,436.32354736328125,20940400,0.0,0.0,180.1328668959357,181.73076950878445,178.62485754362214,179.15415954589844,14485900,0.0,0.0,120.33970544223138,121.5895985349607,117.35996458126019,117.91991424560547,217223800,0.0,0.0
2024-07-22,440.9951415745854,443.8000833958314,438.12031838604275,442.14306640625,15808800,0.0,0.0,182.1102776736323,184.0577110370594,181.6608570800708,183.1089630126953,16303900,0.0,0.0,120.33970461225817,124.05938765116503,119.84974865933523,123.52943420410156,258068900,0.0,0.0
2024-07-23,443.1013491115581,447.5832916213236,442.30280062043124,444.0496520996094,13107100,0.0,0.0,183.5983173174722,184.9765080236371,183.08899325762977,183.358642578125,23772600,0.0,0.0,122.76949974392005,124.6793400797856,122.08955758622213,122.57951354980469,173911000,0.0,0.0
2024-07-24,439.6575641864461,440.6857098144858,426.8206857763536,428.1283264160156,26805800,0.0,0.0,175.15942566889183,177.71605776671663,173.3418262275783,174.14076232910156,31250700,0.0,0.0,119.15980404458382,119.93973610067283,113.4302984763964,114.24022674560547,327776900,0.0,0.0
2024-07-25,428.02849922740444,429.0267000469298,416.7588339080866,417.647216796875,29943800,0.0,0.0,174.0209269831419,174.96967504376894,168.8277660692675,168.9376220703125,28967900,0.0,0.0,113.03033049061922,116.62001970899706,106.29090922489192,112.27039337158203,460067000,0.0,0.0
2024-07-26,417.4475956401735,428.14830966269454,416.5192457247621,424.5048522949219,23583800,0.0,0.0,168.54812995682764,169.61671535192943,165.64695024845423,168.45823669433594,25150100,0.0,0.0,116.18006054768226,116.19005419932995,111.57045439584842,113.05032348632812,293399100,0.0,0.0
2024-07-29,430.8034993953489,431.3724811776246,423.93590329611,425.9622497558594,15125800,0.0,0.0,170.27585264823307,171.9336739911355,169.49687929216648,170.905029296875,13768900,0.0,0.0,113.68027845381687,116.27005326745993,111.29048348253332,111.58045196533203,248152100,0.0,0.0
2024-07-30,426.950470567327,428.27806429980717,416.6090938774579,422.15911865234375,32687600,0.0,0.0,171.60410437950043,172.72262708767886,169.8963457373011,171.63406372070312,13681400,0.0,0.0,111.51045730710717,111.98041832426223,102.53122972159409,103.72113037109375,486833300,0.0,0.0
2024-07-31,419.7434462343891,421.0211420698181,411.4683528789598,417.5973205566406,42891400,0.0,0.0,174.69004062806434,175.67874461636305,171.49425053688108,172.92236328125,15650200,0.0,0.0,112.89034418023923,118.32987366090049,110.87051269678794,117.0099868774414,473174200,0.0,0.0
2024-08-01,420.0329297410617,426.6909121222585,412.3467712755952,416.3595275878906,30296400,0.0,0.0,171.75389853683572,175.44903120471744,170.28582988477189,172.22328186035156,17177800,0.0,0.0,117.51994897002434,120.14972896516788,106.80086440012347,109.2006607055664,523462300,0.0,0.0
2024-08-02,411.747838603881,414.2533323621259,403.61250816930357,407.7550354003906,29437900,0.0,0.0,167.9688887395548,169.98623738078942,166.171252090867,168.17860412597656,18907800,0.0,0.0,103.75112429434351,108.71069899478836,101.36132939617787,107.26081848144531,482027500,0.0,0.0
2024-08-05,388.46983486087413,400.31847397455925,384.8862670330075,394.4390563964844,40709200,0.0,0.0,157.16311231165795,165.72185327498417,156.3941355461421,160.42881774902344,34907800,0.0,0.0,92.05212439101555,103.40115981777215,90.68224643873599,100.44140625,552842400,0.0,0.0
2024-08-06,399.2803346769082,404.94014682452905,397.7830334218698,398.8910217285156,24946500,0.0,0.0,160.73341528790135,162.13656693594714,157.92211368884318,160.3289337158203,36146500,0.0,0.0,103.83111265218399,107.70078431354553,100.54140083049033,104.24108123779297,409012100,0.0,0.0
2024-08-07,407.9048180980064,409.34219932500315,396.7549009776476,397.7131652832031,20650900,0.0,0.0,163.02539771323382,164.5733477738577,160.02934174238186,160.53866577148438,19334200,0.0,0.0,107.80077523327128,108.79069603899508,98.68156026230227,98.90154266357422,411440400,0.0,0.0
2024-08-08,401.71593441788025,405.1297641120261,399.2204324052767,401.9654846191406,20203000,0.0,0.0,162.13056780095107,165.28242460151966,161.81698523518705,163.62460327148438,15733600,0.0,0.0,101.99127427531292,105.4909748631913,97.51165416618215,104.96102142333984,391910000,0.0,0.0
2024-08-09,403.3030798438404,407.3158362110672,401.5362753425401,405.28948974609375,19276700,0.0,0.0,161.43250497562752,165.30241088206776,160.71843333661744,165.17257690429688,13549200,0.0,0.0,105.63096637885822,106.59088337622241,103.42115626585178,104.74104309082031,290844200,0.0,0.0
2024-08-12,406.32761416420084,408.0245677048975,403.5126806044117,406.07806396484375,16762900,0.0,0.0,165.77677634551398,166.48085137372445,163.3349984924459,163.73446655273438,12435000,0.0,0.0,106.31090747175931,111.06050126352302,106.25091504400818,109.01067352294922,325559900,0.0,0.0
2024-08-13,408.85307563224285,414.20344793901165,408.83312258213994,413.26513671875,19414300,0.0,0.0,164.96783731701532,166.32105170118857,164.5533896012648,165.71185302734375,12717600,0.0,0.0,112.43038543102408,116.220062187201,111.57045837665454,116.13006591796875,312646700,0.0,0.0
2024-08-14,414.05369406899246,416.96845391003643,411.70794647746885,416.1099853515625,18267000,0.0,0.0,163.99412807169642,164.74314208439353,159.32027270832734,161.81698608398438,22515900,0.0,0.0,118.51985896532126,118.589852671924,114.0602414176875,118.06990051269531,339246400,0.0,0.0
2024-08-15,419.79998779296875,421.1099853515625,417.6600036621094,421.0299987792969,20752100,0.75,0.0,161.9967606900986,163.30503608754967,161.27770600407933,162.9554901123047,18392500,0.0,0.0,118.74984704808125,123.22945969418967,117.4599564396672,122.84949493408203,318086700,0.0,0.0
2024-08-16,420.6000061035156,421.3399963378906,417.29998779296875,418.4700012207031,22775600,0.0,0.0,163.1951840956653,166.7305236898215,162.86561608658408,164.5234375,16853100,0.0,0.0,121.92957003862404,124.98930580349625,121.16963292329108,124.56934356689453,302589900,0.0,0.0
2024-08-19,418.9599914550781,421.75,416.4599914550781,421.5299987792969,15234000,0.0,0.0,166.78045075406874,168.24851941393638,165.8716434429642,168.17860412597656,13100800,0.0,0.0,124.26936456309274,129.98887634277344,123.40943754006429,129.98887634277344,318333600,0.0,0.0
2024-08-20,421.70001220703125,425.8599853515625,421.6400146484375,424.79998779296875,16387600,0.0,0.0,168.51817252397922,170.1859752405108,168.43827586682013,168.73788452148438,12622500,0.0,0.0,128.3890083603001,129.86889272112188,125.87922860141423,127.2391128540039,300087400,0.0,0.0
2024-08-21,424.0799865722656,426.3999938964844,421.7200012207031,424.1400146484375,16067300,0.0,0.0,166.77047940864293,168.41830421303996,166.35103337186422,167.40963745117188,15269600,0.0,0.0,127.30911425285129,129.3389471026594,126.64917464763043,128.489013671875,257883600,0.0,0.0
2024-08-22,424.3599853515625,426.7900085449219,414.6099853515625,415.54998779296875,19361900,0.0,0.0,168.8177665150061,169.1972718281222,164.81304370816355,165.27244567871094,19123800,0.0,0.0,130.0088852500244,130.73881854994767,123.08947123523481,123.72941589355469,376189100,0.0,0.0
2024-08-23,416.9800109863281,419.260009765625,412.0899963378906,416.7900085449219,18493800,0.0,0.0,166.331051877878,167.72920530422462,165.44222250568706,167.2098846435547,14281600,0.0,0.0,125.84923813316927,129.58892381286134,125.20929347082732,129.3589324951172,323230300,0.0,0.0
2024-08-26,416.3699951171875,417.2799987792969,411.3399963378906,413.489990234375,13152800,0.0,0.0,167.93393882157235,169.1573345073221,166.10135968332352,167.709228515625,11990300,0.0,0.0,129.5589227857856,131.2487653922909,124.35936306148945,126.44918060302734,331964700,0.0,0.0
2024-08-27,412.8599853515625,414.3599853515625,410.25,413.8399963378906,13492900,0.0,0.0,167.38964883109963,168.02380852993554,165.94155814982417,166.16127014160156,13718200,0.0,0.0,125.03930989336882,129.18894891947363,123.86940414346572,128.28903198242188,303134600,0.0,0.0
2024-08-28,414.8800048828125,415.0,407.30999755859375,410.6000061035156,14882700,0.0,0.0,166.56073852142993,167.16993718375352,163.06533985796997,164.2837371826172,15208700,0.0,0.0,128.1090382745527,128.31902702861183,122.62951119713158,125.59925842285156,448101100,0.0,0.0
2024-08-29,414.94000244140625,422.04998779296875,410.6000061035156,413.1199951171875,17045200,0.0,0.0,165.8416873616293,167.40963068119177,161.76904556427885,163.1851806640625,17133800,0.0,0.0,121.34962268178353,124.41935984993194,116.70001879419924,117.57994079589844,453023300,0.0,0.0
2024-08-30,415.6000061035156,417.489990234375,412.1300048828125,417.1400146484375,24308300,0.0,0.0,164.00411495386604,165.06271902254332,163.1951822311496,164.8929443359375,18498800,0.0,0.0,119.51977696707976,121.73958834058276,117.20997695187685,119.35979461669922,333751600,0.0,0.0
2024-09-03,417.9100036621094,419.8800048828125,407.0299987792969,409.44000244140625,20313600,0.0,0.0,163.10030581497702,163.1652228030895,157.647476917013,158.4014892578125,26533100,0.0,0.0,116.00007769884272,116.20005753772232,107.28082245783568,107.99076080322266,477155100,0.0,0.0
2024-09-04,405.9100036621094,411.239990234375,404.3699951171875,408.8999938964844,15135800,0.0,0.0,157.8671900814768,160.1891305670248,157.2330303443478,157.6025390625,17410700,0.0,0.0,105.40098549541808,113.26030602855772,104.11109494364071,106.20091247558594,372470300,0.0,0.0
2024-09-05,407.6199951171875,413.1000061035156,406.1300048828125,408.3900146484375,14195500,0.0,0.0,157.57258066989345,160.80332853771927,157.31292795269803,158.39151000976562,14139500,0.0,0.0,104.98101722607623,109.64062228064783,104.75104117191884,107.2008285522461,306850700,0.0,0.0
2024-09-06,409.05999755859375,410.6499938964844,400.79998779296875,401.70001220703125,19609500,0.0,0.0,158.48138142526105,159.0106834443198,151.73525697575272,151.9300079345703,24999100,0.0,0.0,108.03075852922554,108.14074972946857,100.94136108318243,102.82120513916016,413638100,0.0,0.0
2024-09-09,407.239990234375,408.6499938964844,402.1499938964844,405.7200012207031,15295100,0.0,0.0,153.6300048828125,154.63999938964844,148.1999969482422,149.5399932861328,28057700,0.2,0.0,104.87102379594863,106.54088670978811,103.68113079904097,106.46089172363281,273912000,0.0,0.0
2024-09-10,408.20001220703125,416.3299865722656,407.70001220703125,414.20001220703125,19594300,0.0,0.0,151.4499969482422,152.3000030517578,149.54299926757812,150.00999450683594,20401800,0.0,0.0,107.80077553897223,109.39064349801959,104.94101957181094,108.09075164794922,268283700,0.0,0.0
2024-09-11,415.5,423.989990234375,409.5799865722656,423.0400085449219,19266900,0.0,0.0,151.08999633789062,152.47999572753906,148.6999969482422,152.14999389648438,18991500,0.0,0.0,109.38064062100698,117.17997635011764,107.41080794208784,116.9000015258789,441422400,0.0,0.0
2024-09-12,423.30999755859375,427.3699951171875,419.75,427.0,17418800,0.0,0.0,154.80999755859375,155.61000061035156,153.5,155.5399932861328,21024100,0.0,0.0,116.83999633789062,120.79000091552734,115.37999725341797,119.13999938964844,367100500,0.01,0.0
2024-09-13,425.8299865722656,431.8299865722656,425.4599914550781,430.5899963378906,15874600,0.0,0.0,156.36199951171875,159.27499389648438,156.11000061035156,158.3699951171875,16733900,0.0,0.0,119.08000183105469,119.95999908447266,117.5999984741211,119.0999984741211,238358300,0.0,0.0
2024-09-16,430.6000061035156,433.5299987792969,428.2200012207031,431.3399963378906,13834700,0.0,0.0,158.3300018310547,159.24000549316406,157.61000061035156,158.99000549316406,14157600,0.0,0.0,116.79000091552734,118.18000030517578,114.36000061035156,116.77999877929688,248772300,0.0,0.0
2024-09-17,440.2300109863281,441.8500061035156,432.2699890136719,435.1499938964844,18874200,0.0,0.0,160.08999633789062,161.58999633789062,159.41000366210938,160.27999877929688,12064800,0.0,0.0,118.16999816894531,118.80000305175781,114.83000183105469,115.58999633789062,231925900,0.0,0.0
2024-09-18,435.0,436.0299987792969,430.4100036621094,430.80999755859375,18898000,0.0,0.0,160.85000610351562,161.6300048828125,159.66000366210938,160.80999755859375,16756500,0.0,0.0,115.88999938964844,117.69999694824219,113.22000122070312,113.37000274658203,310318900,0.0,0.0
2024-09-19,441.2300109863281,441.5,436.8999938964844,438.69000244140625,21706600,0.0,0.0,164.82000732421875,164.99000549316406,162.52200317382812,163.24000549316406,17548200,0.0,0.0,117.3499984741211,119.66000366210938,117.25,117.87000274658203,293506400,0.0,0.0
2024-09-20,437.2200012207031,439.239990234375,434.2200012207031,435.2699890136719,55167100,0.0,0.0,164.52000427246094,164.75,163.17999267578125,164.63999938964844,46362700,0.0,0.0,117.05999755859375,118.62000274658203,115.38999938964844,116.0,382462400,0.0,0.0
2024-09-23,434.2799987792969,436.4599914550781,430.3900146484375,433.510009765625,15128900,0.0,0.0,165.33999633789062,166.61000061035156,162.9499969482422,163.07000732421875,15648400,0.0,0.0,116.55000305175781,116.98999786376953,114.86000061035156,116.26000213623047,206228500,0.0,0.0
